Compounds;SMILES;measured DCNs;measured MONs;measured RONs
2,3-dimethylpentane;CCC(C)C(C)C;21.85;88.5;91.1
2-pentanol;CCCC(C)O;;90.8;99.4
methyl myristate;CCCCCCCCCCCCCC(=O)OC;75.8;;
4-Methyl-1-pentene;CC(C)CC=C;;80.9;95.7
n-nonane;CCCCCCCCC;60.9;;
4,5-Diethyloctane;CCCC(CC)C(CC)CCC;;25;0
4,4-Diethylheptane;CCCC(CC)(CC)CCC;;;55
ethanol;CCO;;90;109
1-Ethyl-4-methylcyclohexane;CCC1CCC(C)CC1;;;54
n-dodecane;CCCCCCCCCCCC;73.45;;
2-butene;C\C=C\C;;83.5;100
hexanal;CCCCCC=O;75.2;;
2,3-Dimethylhexane;CCCC(C)C(C)C;;78.9;71.3
3,3-Diethylpentane;CCC(CC)(CC)CC;;91.6;84
Methyl (5Z,8Z,11Z,14Z)-5,8,11,14-icosatetraenoate;CCCCC/C=C\C/C=C\C/C=C\C/C=C\CCCC(=O)OC;29.6;;
2,3-Dimethyl-1,3-butadiene;CC(=C)C(C)=C;;83.4;99.2
limonene;CC(=C)C1CCC(=CC1)C;18.9;73.2;90.6
1,3-Dimethylcyclopentane (cis);C[C@@H]1CC[C@H](C)C1;;73.1;79.2
2-ethyl tetrahydrofuran;CCC1CCCO1;28.1;;
4,4-Dimethyl-2-pentene (cis);C\C=C/C(C)(C)C;;90.2;105.2717362
2-methylheptadecane;CCCCCCCCCCCCCCCC(C)C;91;;
Vinylcyclopentane;C=CC1CCCC1;;54.3;69.3
iso-Propylcyclopentane;CC(C)C1CCCC1;;76.2;81.1
1-hexene;CCCCC=C;27.35;63.4;76.4
pentyl pentanoate;CCCCCOC(=O)CCCC;28.8;;
1-Methyl-2-n-propylcyclohexane (cis);CCC[C@H]1CCCC[C@H]1C;;38.8;30.4
Ethylcyclobutane;CCC1CCC1;;63.9;41.1
2-methoxyethanol;COCCO;15.5;;
n-butane;CCCC;20.6;89.6;93.8
1,2-Dimethylcyclohexane (trans);C[C@H]1CCCC[C@@H]1C;;78.7;80.9
tetrahydrodicyclopentadiene;C1CC2C3CCC(C3)C2C1;20.4;;
2-Methyldecane;CCCCCCCCC(C)C;;0;0
methyl gondoate;CCCCCCCC\C=C/CCCCCCCCCC(=O)OC;73.2;;
pentyladamantane;CCCCCC12CC3CC(CC(C3)C1)C2;48.5;;
diethoxymethane;CCOCOCC;57.3;;
2-Pentyne;CCC#CC;;;98
1,2,4-Trimethylcyclohexane (cis, trans, trans);C[C@H]1CC[C@H](C)[C@@H](C)C1;;74.3;72.9
hexyl butyrate;CCCCCCOC(=O)CCC;29;;
1,2dimethoxybenzene;COc1ccccc1OC;9.8;;
4,4-Dimethylcyclohexene;CC1(C)CCC=CC1;;79.95;96.15
3,7-dimethyl-1octanol;CC(C)CCCC(C)CCO;29.3;;
methyl 4(Z),7(Z),10(Z),13(Z),16(Z),19(Z)-docosahexaenoate ;CCCCCCCCC/C=C/C=C/C=C/C=C/C=C/C=C/C(=O)OC;24.4;;
2,3,3-Trimethylpentane;CCC(C)(C)C(C)C;;99.4;106.0400025
Dicyclopropylmethane;C1CC1CC2CC2;;72.1;95.1
cyclopentane;C1CCCC1;6.1;84.9;101.3187163
2,2-Dimethylhexane;CCCCC(C)(C)C;;77.4;72.5
4-methyl-2pentanone;CC(C)CC(C)=O;12.6;105.5;105.7
n-heptane;CCCCCCC;53.5285714285714;0;0
3-Heptyne;CCCC#CCC;;;40
furfural;O=Cc1occc1;13.9;;
1,2-Dimethylcyclopropane (trans);C[C@@H]1C[C@H]1C;;;104.4314922
1,2,4-trimethylbenzene;Cc1ccc(C)c(C)c1;8.9;108.0094494;110.5295764
iso-Propylbenzene;CC(C)c1ccccc1;;99.3;102.1
3-Methyl-2-pentene (trans);CC\C(C)=C\C;;81;97.2
1-Methylcyclopentene;CC1=CCCC1;;72.9;93.6
hexylmethyl ether;CCCCCCOC;99.8;;
2,5-dimethyltetrahydrofuran;CC1CCC(C)O1;;80.2;92.2
2,5-Dimethylhexane;CC(C)CCC(C)C;;55.7;55.2
2-Methyl-2-hexene;CCCC=C(C)C;;79.2;91.6
2-methylpropanoicacidethylester;CCOC(=O)C(C)C;;109.5;110.3
3,3-Dimethylpentane;CCC(C)(C)CC;;86.6;80.8
methyl ricinoleate;CCCCCC[C@@H](O)C\C=C/CCCCCCCC(=O)OC;37.4;;
1-Methyl-4-ethylbenzene;CCc1ccc(C)cc1;;97;112.7901208
2-Methyl-1-heptene;CCCCCC(C)=C;;66.3;70.2
cyclohexane;C1CCCCC1;19.95;77.2;83
1,1-Dimethylcyclopentane;CC1(C)CCCC1;;89.3;92.3
caryophyllene;C\C1=C/CCC(=C)C2CC(C)(C)C2CC1;29;;
n-Propylcyclopentane;CCCC1CCCC1;;28.1;31.2
3-cyclohexene-1carboxaldehyde;O=CC1CCC=CC1;28.1;;
3-Methyl-3-hexene (trans);CC/C=C(C)/CC;;81.4;96.4
2,3-Dimethyl-1-pentene;CCC(C)C(C)=C;;84.2;99.3
3-Methyl-3-ethylpentane;CCC(C)(CC)CC;;88.7;80.8
Benzene;c1ccccc1;;115.0481244;
tert-Amyl methyl ether;CCC(C)(C)OC;;99;109
Isopropenylcyclopropane;CC(=C)C1CC1;;74.85;94.45
4-Vinylcyclohexene;C=CC1CCC=CC1;;57.7;77
2,5 dimethyl furan;Cc1oc(C)cc1;10.9;88.1;101.3187163
2-Methyl-1-hexene;CCCCC(C)=C;;78.8;90.7
4-propylanisole;CCCc1ccc(OC)cc1;7.5;;
rose oxide;CC1CCOC(C1)C=C(C)C;30;;
methyl palmitoleate;CCCCCC\C=C/CCCCCCCC(=O)OC;56.6;;
2-Methyl-2-heptene;CCCCC=C(C)C;;73.1;79.75
ethylacetate;CCOC(C)=O;;120;118
isobutyraldehyde;CC(C)C=O;21.1;;
1-Methyl-3-propylcyclohexane;CCCC1CCCC(C)C1;;;39
propanone;CC(C)=O;;100;108
2-ethyl-1-hexanol;CCCCC(CC)CO;23.5;;
2,5-dimethyl-2,4hexadiene;CC(C)=CC=C(C)C;19.9;78.9;94.3
1,2-Dimethylcyclohexane (cis);C[C@H]1CCCC[C@H]1C;;78.6;80.9
2-Methyl-3-ethyl-2-pentene;CCC(CC)=C(C)C;;82;95.6
cyclohexanone;O=C1CCCCC1;10.4;87.7;101.32
1,1,2-Trimethylcyclopropane;CC1CC1(C)C;;87.8;110.953227
Isopropylcyclopropane;CC(C)C1CC1;;88.1;100.2787132
1,2-dimethoxyethane;COCCOC;81;;
1-heptanol;CCCCCCCO;29;;
1,2,3-Trimethylcyclohexane (cis, cis, trans);C[C@H]1CCC[C@@H](C1C)C;;82.5;86.2
1,2-Dimethyl-3-ethylbenzene;CCc1cccc(C)c1C;;91.9;104.4314922
pentyl acetate;CCCCCOC(C)=O;23.6;;
methanol;CO;;87.4;109.6
3-Ethylcyclopentene;CCC1CCC=C1;;71.4;90.8
2-Phenylpropene;CC(=C)c1ccccc1;;101.3187163;113.1113531
2,3-Dimethyl-2-butene;CC(C)=C(C)C;;80.5;97.4
1,4-Dimethylcyclohexane (trans);C[C@H]1CC[C@@H](CC1)C;;62.2;68.3
1,2-Dimethylcyclopropane (cis);C[C@@H]1C[C@@H]1C;;84.3;103.968533
1,3,5-trimethylbenzene;Cc1cc(C)cc(C)c1;8;120.3393011;120.3393011
ethylbutyrate;CCCC(=O)OCC;;106;115.4
Pinane;CC1CCC2CC1C2(C)C;;65.9;77.7
4-Methyl-2-pentene;CC=CC(C)C;;84.3;99.3
n-butylcyclohexane;CCCCC1CCCCC1;47.8;;
1,1,2-Trimethylcyclohexane;CC1CCCCC1(C)C;;87.7;95.7
2,5-Dimethyl-2-hexene;CC(C)CC=C(C)C;;82.2;95.2
Cyclohexene;C1CCC=CC1;18.1;63;83.9
4-methyl guaiacol;COc1ccc(C)cc1O;19.8;;
1-Methyl-2-allylbenzene;Cc1ccccc1CC=C;;86;98.6
ethyl benzene;CCc1ccccc1;6.3;97.9;107.4011727
Hydrindan (cis);C1CC[C@H]2CCC[C@H]2C1;;64.1;70
3,4-dihydro-2H-pyran;C1COC=CC1;23.9;48.7;66.5
1 -Methyl-4-isopropylcyclohexane (trans);C[C@H]1CC[C@@H](CC1)C(C)C;;62.9;63.4
1,2,4-Trimethyl-4-isopropylcyclohexane;CC1CCC(CC1C)(C)C(C)C;;90;96
iso-Butylcyclopentane;CC(C)CC1CCCC1;;28.2;33.4
Indene (benzocyclopentadiene);C1C=Cc2ccccc12;;106.7469808;113.7165141
ethyl decanoate;CCCCCCCCCC(=O)OCC;54.6;;
3-methylpentane;CCC(C)CC;30.7;74.3;74.5
2,2,3,3-Tetramethylhexane;CCCC(C)(C)C(C)(C)C;;92.4;112.7901208
1-butoxy-2-propanol;CCCCOCC(C)O;36.1;;
3-Heptene (trans);CCC\C=C\CC;;79.3;89.8
3-methoxy-3-methyl1-butanol;COC(C)(C)CCO;10;;
4-methyl anisole;COc1ccc(C)cc1;7.4;;
γ-terpinene;CC1=CCC(=CC1)C(C)C;20.3;;
6-Methyl-2-heptene;C/C=C/CCC(C)C;;65.5;71.3
1-Ethyl-3-methylcyclohexane;CCC1CCCC(C)C1;;;58
3-Methyl-1-butene;CC(C)C=C;;97.5;97.5
farnesane (2,6,10trimethyldodecane);CCC(C)CCCC(C)CCCC(C)C;58.55;;
farnesene;CC(C)=CCC\C(C)=C\CCC(=C)C=C;32;;
2,5-Dimethyl-3-hexene (trans);CC(C)/C=C/C(C)C;;83.3;99.8
benzaldehyde dimethyl acetal;COC(OC)c1ccccc1;10.4;;
2,2,4,4,6,8,8heptamethylnonane;CC(CC(C)(C)C)CC(C)(C)CC(C)(C)C;14.5;;
2-Methyl-1-butanol;CCC(C)CO;;88.3;101
3-methylhexane;CCCC(C)CC;42;55.8;52
2-phenyl ethanol;OCCc1ccccc1;8;;
2-butyl furan;CCCCc1occc1;13.1;;
Propenylbenzene (trans);C/C=C/c1ccccc1;;92.1;104.4314922
1-Methyl-4-butylcyclohexane;CCCCC1CCC(CC1)C;;;28
sec-pentanone;CCCC(C)=O;;103;105.7
1,4-Cyclohexadiene;C1C=CCC=C1;;39.9;75.4
2-Methyloctane;CCCCCCC(C)C;;11;7
ethylcyclohexane;CCC1CCCCC1;35.8;40.8;45.6
1-Methyl-3-ethylbenzene;CCc1cccc(C)c1;;100;112.1053221
3-Octene (trans);CCCC\C=C\CC;;68.1;72.5
2,2,4trimethylpentane;CC(C)CC(C)(C)C;17.8333333333333;100;100
3-Methyl-1,2-butadiene;C[C](C)=[C]=[CH2];;42.4;61
butyl butanoate;CCCCOC(=O)CCC;17.8;;
dibenzyl ether;C(OCc1ccccc1)c2ccccc2;8.1;;
4-methyl-2,6dimethoxyphenol;COc1cc(C)cc(OC)c1O;25;;
1-Methyl-3-butylcyclohexane;CCCCC1CCCC(C1)C;;;34
2-Methyl-3-ethylpentane;CCC(CC)C(C)C;;88.1;87.3
1,2,4trimethylcyclohexane;CC1CCC(C)C(C)C1;24.4;;
1,3-dimethylbenzene;Cc1cccc(C)c1;7;102.8;104
1,1-diethoxy ethane;CCOC(C)OCC;47.05;;
methyl asclepate;CCCCCC/C=C\CCCCCCCCCC(=O)OC;53.9;;
Ethylcyclopentane;CCC1CCCC1;;61.2;67.2
2,3-Dimethyl-1-butene;CC(C)C(C)=C;;82.8;101.3187163
butyl hexanoate;CCCCCC(=O)OCCCC;31;;
2-Heptene (trans);CCCC\C=C\C;;68.8;73.4
octanal;CCCCCCCC=O;105.75;;
2-ethyladamantane;CCC1C2CC3CC(C2)CC1C3;42.7;;
1,9-decadiene;C=CCCCCCCC=C;41;;
cyclohexanol;OC1CCCCC1;16.3;;
4-Methyl-1-pentyne;CC(C)CC#C;;73.1;91.55
tert-hexanone;CCCC(=O)CC;;93.5;101.9
1-Methyl-2-propylcyclohexane;CCCC1CCCCC1C;;38.8;29.9
2-tetrahydrofurfuryl alcohol;CC1(O)CCCO1;17.9;;
4-Methyl-2-hexene (cis);CCC(C)/C=C\C;;;98.6
2-ethyl furan;CCc1occc1;10.2;;
2-Butyne;CC#CC;;70.2;85.9
1,4-cyclohexanedimethanol divinyl ether;C=COCC1CCC(CC1)COC=C;61.1;;
1,3,5-Trimethylcyclohexane (cis);C[C@H]1C[C@H](C[C@H](C1)C)C;;56.4;59.1
cyclopentyl methyl ether;COC1CCCC1;47.3;;
tert-butanol;CC(C)(C)O;;89;105
2-methyloctadecane;CCCCCCCCCCCCCCCCC(C)C;104.4;;
methyl decanoate;CCCCCCCCCC(=O)OC;52.14;;
2,4-dimethyl-2-heptene;CCCC(C)C=C(C)C;27;;
1-octanol;CCCCCCCCO;33.8;;
1,2dimethylcyclohexane;CC1CCCCC1C;24;;
2,2dimethoxypropane;COC(C)(C)OC;31.3;;
3-pentanone;CCC(=O)CC;14.6;;106.8
2,2-Dimethyl-3-ethylpentane;CCC(CC)C(C)(C)C;;99.5;112.1053221
diisopropyl ether;CC(C)OC(C)C;23.6;98.9;102.4760345
methylbutyrate;CCCC(=O)OC;;105;107.2
2-Pentene;CC\C=C/C;;87.8;87.8
4-heptanol;CCCC(O)CCC;21;;
butyl pentanoate;CCCCOC(=O)CCCC;23.5;;
Propenylbenzene (cis);C\C=C/c1ccccc1;;91.7;105.2717362
linalool;CC(C)=CCCC(C)(O)C=C;16.45;;
dihydro-5-methyl-2(3h)-furanone;CC1CCC(=O)O1;;100;100
ethyl octanoate;CCCCCCCC(=O)OCC;42.2;;
butanone;CCC(C)=O;;105.5;111
3-Methyl-1-hexene;CCCC(C)C=C;;71.5;82.2
diisoamylether;CC(C)CCOCCC(C)C;96.15;;
1,3dimethylcyclohexane;CC1CCCC(C)C1;30.5;;
2,5-dihydrofuran;C1OCC=C1;15.6;;
3,3,5-trimethylcyclohexanone;CC1CC(=O)CC(C)(C)C1;11.9;;
1,4-Dimethyl-2-ethylbenzene;CCc1cc(C)ccc1C;;96.05;106.3934916
methyl levulinate;COC(=O)CCC(C)=O;7.8;;
ethyl tetrahydrofurfuryl ether;CCOCC1CCCO1;78.9;;
1,2,4-Trimethylcyclopentane (cis, cis, trans);CC1C[C@H](C)[C@H](C)C1;;79.5;89.2
3-methylbutylacetate;CC(C)CCOC(C)=O;;97.2;100.6
ethene;C=C;;75.6;98.85754379
2-nonanone;CCCCCCCC(C)=O;46.1;;
methyl pentanoate;CCCCC(=O)OC;13.3;101.1;103.4
cycloheptanone;O=C1CCCCCC1;22.5;;
n-butanol;CCCCO;12;85;98
n-Propanol;CCCO;;98;102.6
n-hexyl acetate;CCCCCCOC(C)=O;33.8;;
2-propanol;CC(C)O;;99;106
tert-Butylcyclohexane;CC(C)(C)C1CCCCC1;;89.2;98.5
pentane;CCCCC;;62.6;61.7
methyl petroselinate;CCCCCCCCCCC\C=C/CCCCC(=O)OC;58.6;;
ethyl levulinate;CCOC(=O)CCC(C)=O;6;112;110
2,4,4-trimethyl-1pentene;CC(=C)CC(C)(C)C;8.8;86.5;106.0400025
vinyl laurate;CCCCCCCCCCCC(=O)OC=C;77;;
trans-decalin;C1CC[C@@H]2CCCC[C@H]2C1;31.9;;
2-butyl tetrahydrofuran;CCCCC1CCCO1;45.5;;
4-Methyl-1-hexene;CCC(C)CC=C;;74;86.4
Cyclopentene;C1CC=CC1;;69.7;93.3
furfuryl ethyl ether;CCOCC1=CC=CO1;18.4;;
1,3-Cyclohexadiene;C1CC=CC=C1;;53;74.8
Ethylidenecyclopentane;CC=C1CCCC1;;66.6;82.4
perhydrophenanthrene;C1CCC2C(C1)CCC3CCCCC23;38.8;;
3-Methyl-1-pentene;CCC(C)C=C;;81.2;96
3,4-Dimethyl-1-pentene;CC(C)C(C)C=C;;80.9;98.9
2,4-dimethyl-3pentanone;CC(C)C(=O)C(C)C;14.4;92.5;99
4,4-Diethyl-1-heptene;CCCC(CC)(CC)CC=C;;74.8;79.8
2,2-Dimethylheptane;CCCCCC(C)(C)C;;60.5;50.3
1-Methyl-1, 4-cyclohexadiene;CC1=CCC=CC1;;42.1;75
cyclopentanone;O=C1CCCC1;9;89.4;101.3
2,3,4-Trimethylpentane;CC(C)C(C)C(C)C;;95.9;102.4760345
1-Phenyl-2-methylpropene;CC(C)=Cc1ccccc1;;91.7;105.2717362
1,3-Dimethyl-4-ethylbenzene;CCc1ccc(C)cc1C;;95.9;106.0400025
3-carene;CC1=CCC2C(C1)C2(C)C;27;;
cis-3-octene;CCCC\C=C/CC;38.1;;
2-nonanol;CCCCCCCC(C)O;39.6;;
n-octane;CCCCCCCC;58.2;0;0
2-methylpentane;CCCC(C)C;34.5;73.5;73.4
isopentanol;CC(C)CCO;18.4;84;94
1,3-Diethylbenzene;CCc1cccc(CC)c1;;97;115.5210957
2,2,3,3-Tetramethylpentane;CCC(C)(C)C(C)(C)C;;95;116.7812012
Ethyl-tert-butyl Ether;CCOC(C)(C)C;;102;118
n-Propylcyclohexane;CCCC1CCCCC1;;14;17.8
cyclooctane;C1CCCCCCC1;22.3;58.15;70.95
Ethenylbenzene;C=Cc1ccccc1;;102.4760345;115.5210957
1 -Methyl-4-isopropylcyclohexane (cis -trans);CC1CCC(CC1)C(C)C;;60.5;62.3
2-Ethylbicyclo(2.2.1)heptane;CCC1CC2CCC1C2;;49.7;51.9
hexyl hexanoate;CCCCCCOC(=O)CCCCC;40;;
α-pinene;CC1=CCC2CC1C2(C)C;23.1333333333333;68.6;83.1
1,2,3-trimethylbenzene;Cc1cccc(C)c1C;10.1;100.8129065;105.2717362
2-Methyl-3-heptene (trans);CCC\C=C\C(C)C;;80.55;94.55
Ethylidenecyclohexane;C[CH]=[C]1CC[CH2]CC1;;70.6;83
2-Methylbut-2-ene;CC=C(C)C;;84.7;97.3
propyl pentanoate;CCCCC(=O)OCCC;20.7;;
3-octanol;CCCCCC(O)CC;25.1;;
4,4-Dimethyl-1-pentene;CC(C)(C)CC=C;;85.4;104.4314922
propyladamantane;CCCC12CC3CC(CC(C3)C1)C2;48.6;;
n-decane;CCCCCCCCCC;66.35;;
1,3,5-triethylbenzene;CCc1cc(CC)cc(CC)c1;7.6;;
isobutanol;CC(C)CO;8.5;90;105
tert-Amylbenzene;CCC(C)(C)c1ccccc1;;96.8;108.0094494
2-Ethyl-1-butene;CCC(=C)CC;;79.4;98.3
3,4-Dimethylhexane;CCC(C)C(C)CC;;81.7;76.3
methylcyclohexane;CC1CCCCC1;23.3;71.1;74.8
2-methylhexane;CCCCC(C)C;43.5;46.4;42.4
3,3,5-Trimethylheptane;CCC(C)CC(C)(C)CC;;88.7;86.4
1-Methyl-2-butylcyclohexane;CCCCC1CCCCC1C;;;39
1-Hexanol;CCCCCCO;;78;69.3
Ethylcyclopropane;CCC1CC1;;83.9;102.9908041
eucalyptol;CC12CCC(CC1)C(C)(C)O2;18.8;;
methyl tert-butyl ether;COC(C)(C)C;;101.3187163;118.3349183
methyl stearate;CCCCCCCCCCCCCCCCCC(=O)OC;95.6;;
n-Butylcyclopentane;CCCCC1CCCC1;;-2;-3
methyl linoleate;CCCCC/C=C\C\C=C/CCCCCCCC(=O)OC;41.05;;
4-Methyl-2-pentene (cis);C/C=C\C(C)C;;84.5;99.7
2,4-Dimethyl-3-ethylpentane;CCC(C(C)C)C(C)C;;96.6;105.2717362
methyl oleate;CCCCCCCC\C=C/CCCCCCCC(=O)OC;58.08;;
butyl levulinate;CCCCOC(=O)CCC(C)=O;14.4;96;98
cis-decalin;C1CC[C@@H]2CCCC[C@@H]2C1;40.5;;
iso-Butylcyclohexane;CC(C)CC1CCCCC1;;28.9;33.7
1,3-Dimethylcyclopentane (trans);C[C@@H]1CC[C@@H](C)C1;;72.6;80.6
tert-Amylcyclohexane;CCC(C)(C)C1CCCCC1;;85.1;90.4
nerolidol;CC(C)=CCCC(C)=CCCC(C)(O)C=C;19.2;;
3-Methyl-2-ethyl-1-butene;CCC(=C)C(C)C;;82;97
2-methylbutane;CCC(C)C;24.9;90.3;92.3
ethane;CC;;100.6821347;111.3462997
2,2-Dimethylpropane;CC(C)(C)C;;80.2;85.5
1-heptene;CCCCCC=C;32;50.7;54.5
methyl linolelaidate;CCCCC/C=C/C/C=C/CCCCCCCC(=O)OC;43;;
4-propylguaiacol;CCCc1ccc(OC)c(O)c1;18;;
1,3-Cyclopentadiene;C1C=CC=C1;;86.1;103.5055738
2,6-dimethyloctane;CCC(C)CCCC(C)C;51.7;;
3-hexene (trans);CC\C=C\CC;;80.1;94
2,3-Dimethyl-1-hexene;CCCC(C)C(C)=C;;83.6;96.3
methylcyclopentane;CC1CCCC1;17.2;80;91.3
2,4-Dimethyl-2-pentene;CC(C)C=C(C)C;;85.3;100
2,3,3-Trimethyl-1-butene;CC(=C)C(C)(C)C;;90.5;105.2717362
tetralin;C1CCc2ccccc2C1;13.2;81.9;96.4
3-octanone;CCCCCC(=O)CC;36;;
2,2-Dimethyl-3-hexene (trans);CC/C=C/C(C)(C)C;;89;105.2717362
2,4-Dimethylhexane;CCC(C)CC(C)C;;69.9;65.2
1,2-Dimethylcyclohexene;CC1=C(C)CCCC1;;72.2;89.7
n-hexane;CCCCCC;48.95;26;24.8
1-Methyl-1-ethylcyclohexane;CCC1(C)CCCCC1;;76.7;68.7
anisole;COc1ccccc1;6.4;92;103
valeraldehyde;CCCCC=O;65.05;;
2,4-Dimethyl-1-pentene;CC(C)CC(C)=C;;84.6;99.2
3-Methyl-2-hexene (trans);CCC\C(C)=C\C;;79.6;91.5
2-furfuryl alcohol;CC1(O)CC=CO1;10.25;;
2-isopropoxyethanol;CC(C)OCCO;27.8;;
3-Ethyl-2-pentene;CCC(CC)=CC;;80.6;93.7
1,1,3-Trimethylcyclopentane;CC1CCC(C)(C)C1;;83.5;87.7
1,3,5-Trimethylcyclohexane (trans);C[C@H]1C[C@@H](C[C@@H](C1)C)C;;70.1;68.5
2-Methyl-3-ethyl-1-pentene;CCC(CC)C(C)=C;;85.3;99.5
1,1,2,2-Tetramethylcyclopropane;CC1(C)CC1(C)C;;90.1;105.2717362
toluene;Cc1ccccc1;6;103.5055738;120.1035814
1-Octyne;CCCCCCC#C;;51.5;50.5
butyladamantane;CCCCC12CC3CC(CC(C3)C1)C2;49.1;;
ethyl hexanoate;CCCCCC(=O)OCC;27.75;;
2,3-Dimethylbutane;CC(C)C(C)C;;94.3;103.6307729
2-ethyl-2,4,5-trimethyl-1,3-dioxolane;CCC1(C)OC(C)C(C)O1;;86.7;93.5
2-heptanone;CCCCCC(C)=O;30;;
1-heptyne;CCCCCC#C;22;;84
4-nonanol;CCCCCC(O)CCC;28;;
diethylene glycol monomethyl ether;COCCOCCO;38.3;;
dipentyl ether;CCCCCOCCCCC;111;;
tetrahydrofurfuryl acetate;CC(=O)OCC1CCCO1;18.2;;
farnesol;CC(C)=CCCC(C)=CCCC(C)=CCO;24;;
tripropylene glycol monomethyl ether ;CC(CO)OCC(C)OCC(C)OC;81.3;;
3-Methyl-2-hexene (cis);CCC\C(C)=C/C;;79.95;92.35
2,3,4-Trimethyl-2-pentene;CC(C)C(C)=C(C)C;;80.9;96.75
methyl γ-linolenate;CCCCC\C=C/C/C=C\C\C=C/CCCCC(=O)OC;29.2;;
butyl acetate;CCCCOC(C)=O;;100;100.8
2-methyl-1,3-butadiene;CC(=C)C=C;13;81;99.1
2-methyl tetrahydrofuran;CC1CCCO1;21.65;73;86
cyclopentanol;OC1CCCC1;9.8;;
α-methyl-transcinnamaldehyde;C1=CC=C(C=C1)C=CC=O;19.1;;
indan;C1Cc2ccccc2C1;8.6;89.8;103.5055738
bisabolene;CC(C)=CCC\C(C)=C/1CCC(=CC1)C;32.2;;
1,3,5triisopropylcyclohexane;CC(C)C1CC(CC(C1)C(C)C)C(C)C;25.3;;
1,1-Dimethylcyclohexane;CC1(C)CCCCC1;;85.9;87.3
2,3-dihydrofuran;C1CC=CO1;20;;
1-Methyl-2-isopropylbenzene;CC(C)c1ccccc1C;;96;106.0400025
2,2,3-trimethylbutane;CC(C)C(C)(C)C;12.9;101.3639822;112.1053221
1-Methyl-2-n-propylbenzene;CCCc1ccccc1C;;92.2;103.5055738
1,5-cyclooctadiene;C1CC=CCCC=C1;25.7;;
methyl acetate;COC(C)=O;19.5;120;120
2-butanol;CCC(C)O;8.5;93;105
1-methoxy-2 propanol;COCC(C)O;16.3;;
3,3,5-Trimethylcyclohexene;CC1CC=CC(C)(C)C1;;82.8;96.5
Allylbenzene;C=CCc1ccccc1;;90.9;102.4760345
3,4-Dimethyl-2-pentene (cis);C/C=C(/C)C(C)C;;82.2;96
1,2,4-Trimethyl-4-isopropenylcyclohexene;CC(=C)C1(C)CCC(=C(C)C1)C;;76.2;92.8
2-Methyl-3-hexene (trans);CC/C=C/C(C)C;;82;97.9
3,3-Dimethyl-1-butene;CC(C)(C)C=C;;93.3;111.7393724
1,2,3,5-Tetramethylbenzene;Cc1cc(C)c(C)c(C)c1;;102.4760345;
2-methyl-2-butanol;CCC(C)(C)O;12.1;;97
2-hexene (trans);CCC\C=C/C;;80.8;92.7
n-tetradecane;CCCCCCCCCCCCCC;85.1;;
3-Heptene (cis);CCC\C=C/CC;;;90.2
5-Methyl-2-hexene (trans);C/C=C/CC(C)C;;81.05;94.45
propane;CCC;;97.1;111.905515
tetrahydropyran;C1CCOCC1;38.2;35.4;52.2
iso-butane;CC(C)C;;97.6;101.2111389
whiskey lactone;CCCCC1OC(=O)CC1C;27.2;;
1,4-Dimethylcyclohexane (cis);C[C@H]1CC[C@H](CC1)C;;68.2;67.2
iso-Propylcyclohexane;CC(C)C1CCCCC1;;61.1;62.8
sec-Butylbenzene;CCC(C)c1ccccc1;;95.7;106.7469808
4-hydroxy-4-methyl2-pentanone;CC(=O)CC(C)(C)O;11.5;;
4-Octyne;CCCC#CCCC;;65.9;59.6
2,2-Dimethylpentane;CCCC(C)(C)C;;95.6;92.8
ethylene glycol vinyl ether;OCCOC=C;14;;
1-Ethylcyclopentene;CCC1=CCCC1;;72;90.3
1-Methyl-3-ethylcyclopentane;CCC1CCC(C)C1;;59.8;57.6
2,5-Dimethyl-1,5-hexadiene;CC(=C)CCC(C)=C;;65.5;90.2
Cyclopentylcyclopentane;C1CCC(C1)C2CCCC2;;9.7;9.7
acetylene;C#C;;;80
4-Methyl-2-hexene (trans);CCC(C)/C=C/C;;83;96.8
3-ethylpentane;CCC(CC)CC;34.1;69.3;65
3-Methylheptane;CCCCC(C)CC;;35;26.8
γ-undecanolactone;CCCCCCCCC1CC(=O)O1;52.6;;
methyl octanoate;CCCCCCCC(=O)OC;39.8;;
Dicyclopentadiene;C1C=CC2C3CC(C=C3)C12;;95.9;107.4011727
propene;CC=C;;84.9;101.8973754
2-Methyl-1-butene;CCC(C)=C;;81.9;102.4760345
1-butene;CCC=C;;80.8;97.45
4-Methylheptane;CCCC(C)CCC;;39;26.7
2,4,4-Trimethyl-2-pentene;CC(C)=CC(C)(C)C;;86.2;103.5055738
methyl laurate;CCCCCCCCCCCC(=O)OC;66.5666666666667;;
1-Methyl-4-propylcyclohexane;CCCC1CCC(CC1)C;;;34
methyl elaidate;CCCCCCCC/C=C/CCCCCCCC(=O)OC;57.2;;
1-dodecene;CCCCCCCCCCC=C;56.8;;
3,5,5-Trimethylcyclohexene;CC1CC(C)(C)CC=C1;;80.9;95.5
triethylene glycol monomethyl ether;COCCOCCOCCO;80.7;;
1-octene;CCCCCCC=C;40;34.7;28.7
1,3-Dimethylcyclohexane (cis);C[C@@H]1CCC[C@@H](C1)C;;71;71.7
1,3,5trimethylcyclohexane;CC1CC(C)CC(C)C1;30.5;;
1,3-Dimethyl-5-ethylbenzene;CCc1cc(C)cc(C)c1;;102.4760345;114.7999087
2,3,3-Trimethyl-1-pentene;CCC(C)(C)C(C)=C;;85.7;106.0400025
methyl sorbate;COC(=O)\C=C\C=C\C;6;;
guaiacol;COc1ccccc1O;19.3;;
ethyl acetoacetate;CCOC(=O)CC(C)=O;13.7;;
Vinylcyclohexane;C=CC1CCCCC1;;53.4;64.3
Ethylcycloheptane;CCC1CCCCCC1;;30;28
(R )-(+ )-limonene;CC1=CC[C@@H](CC1)C(=C)C;19;;
3-Methyl-3-hexene (cis);CC\C=C(C)/CC;;;96
2,6-dimethoxyphenol;COc1cccc(OC)c1O;26;;
6-Methyl-3-heptene (trans);CC/C=C/CC(C)C;;82;93.4
β-pinene;CC1(C2CCC(=C)C1C2)C;21.25;60.3;80.6
1-Phenylpentane;CCCCCc1ccccc1;;81.7;89.2
Cycloheptane;C1CCCCCC1;;40.25;38.8
ethyl pentanoate;CCCCC(=O)OCC;18.6;92.35;98.85
Hydrindan (trans);C1CC[C@@H]2CCC[C@H]2C1;;48.8;58.5
5-Methyl-1-hexene;CC(C)CCC=C;;64;75.5
methyl heptanoate;CCCCCCC(=O)OC;34.2;;
2,4-dimethylpentane;CC(C)CC(C)C;28.45;83.8;83.1
1-hexadecene;CCCCCCCCCCCCCCC=C;75.9;;
1-Ethyl-2-methylcyclohexane;CCC1CCCCC1C;;;74
4-propylphenol;CCCc1ccc(O)cc1;8.6;;
methyl palmitate;CCCCCCCCCCCCCCCC(=O)OC;85.9;;
1-Ethylcyclohexene;CCC1=CCCCC1;;70.5;85.45
n-hexadecane;CCCCCCCCCCCCCCCC;99.5;;
ε-decalactone;CCCCC1CCCCC(=O)O1;40.5;;
Pent-1-ene;CCCC=C;;77.1;90.9
δ-undecalactone;CCCCCCC1CCCC(=O)O1;48.6;;
3,4,4-Trimethyl-2-pentene;C\C=C(/C)C(C)(C)C;;86.1;102.9908041
2,3-Dimethyl-2-pentene;CCC(C)=C(C)C;;80;97.5
2-methyl furan;Cc1occc1;9;86;103
Methylcyclopropane;CC1CC1;;81.2;102.4760345
1,2-dimethylbenzene;Cc1ccccc1C;8.3;100;105
furan;o1cccc1;7;91.6;108.5774422
4-Methyl-2-pentene (trans);C/C=C/C(C)C;;82.6;98
2,3-Dimethyl-2-hexene;CCCC(C)=C(C)C;;79.3;93.1
4,4-Dimethyl-2-pentene (trans);C/C=C/C(C)(C)C;;90.9;105.2717362
2,2-Dimethyloctane;CCCCCCC(C)(C)C;;46;49
methyl erucate;CCCCCCCC\C=C/CCCCCCCCCCCC(=O)OC;74.2;;
3-Ethyl-1-pentene;CCC(CC)C=C;;81.6;95.6
Sec-Butylcyclohexane;CCC(C)C1CCCCC1;;55.2;51
aceticacid-2-methylpropylester;CC(C)COC(C)=O;;112.3;108.7
menthone;CC(C)C1CCC(C)CC1=O;20.6;;
4-Methylcyclohexene;CC1CCC=CC1;;67;84.1
tetrahydrofuran;C1CCOC1;21.9;64.8;72.9
2-Octene;CCCCC\C=C/C;;56.5;56.3
1-decene;CCCCCCCCC=C;49.1;;
methyl-9-decenoate;COC(=O)CCCCCCCC=C;38.3;;
1,3-Dimethylcyclohexane (trans);C[C@H]1CCC[C@H](C)C1;;64.2;66.9
1-Methylcyclohexene;CC1=CCCCC1;;72.05;89.2
2-Phenylpentane;CCCC(C)c1ccccc1;;92.1;103.5055738
2-octanone;CCCCCCC(C)=O;36.6;;
n-Propylbenzene;CCCc1ccccc1;;98.7;101.5
3-Ethylhexane;CCCC(CC)CC;;52.4;33.5
2-heptanol;CCCCCC(C)O;25;;
2,2-dimethylbutane;CCC(C)(C)C;24.4;93.4;91.8
1,2,3-Trimethylcyclohexane (cis, trans, cis);C[C@@H]1CCC[C@@H](C1C)C;;81;83.4
4-methoxybenzaldehyde;COc1ccc(C=O)cc1;25.8;;
iso-Butylbenzene;CC(C)Cc1ccccc1;;98;111.3558788
geraniol;CC(C)=CCC\C(C)=C\CO;19.25;;
trans-3-octene;CCCC/C=C/CC;34;;
dipropylene glycol monomethyl ether;COC(C)COC(C)CO;43.9;;
2-methylpropanoicacidmethylester;COC(=O)C(C)C;;104.7;103.6
1,5-Hexadiene;C=CCCC=C;;37.6;71.1
dibutyl ether;CCCCOCCCC;115.4;;
1-Methyl-4-isopropylbenzene;CC(C)c1ccc(C)cc1;;97.7;101.4
tert-Butylbenzene;CC(C)(C)c1ccccc1;;107.4011727;115.5210957
3,3-Dimethyl-1-pentene;CCC(C)(C)C=C;;86.1;103.5055738
4-ethyl guaiacol;CCc1ccc(OC)c(O)c1;19.6;;
butanal;CCCC=O;41.1;;
1,4-Diethylbenzene;CCc1ccc(CC)cc1;;95.15;106.0400025
2,5-Dimethyl-3-hexene (cis);CC(C)\C=C/C(C)C;;87.4;103.968533
3-methyl-2-butanone;CC(C)C(C)=O;;102.2;108.9
1,3,5triisopropylbenzene;CC(C)c1cc(cc(c1)C(C)C)C(C)C;2.8;;
2,2,3-Trimethylpentane;CCC(C)C(C)(C)C;;99.9;109.6105083
ocimene;CC(C)\C=C\C=C(/C)C=C;28;;
1-Methyl-2-ethylbenzene;CCc1ccccc1C;;92.1;102.4760345
2,2-Dimethyl-3-hexene (cis);CC\C=C/C(C)(C)C;;88;106.7469808
2-Methyl-1-pentene;CCCC(C)=C;;81.5;94.2
6-Methyl-1-heptene;CC(C)CCCC=C;;62.6;63.6
1-Methyl-2-n-propylcyclohexane (trans);CCC[C@@H]1CCCC[C@H]1C;;38.8;29.4
2-methylheptane;CCCCCC(C)C;49.8;23.05;20.65
dodecyl vinyl ether;CCCCCCCCCCCCOC=C;101.7;;
1,1,3-Trimethylcyclohexane;CC1CCCC(C)(C)C1;;82.6;81.3
2-Methyl-2-pentene;CCC=C(C)C;;83;97.8
1,4-dimethylbenzene;Cc1ccc(C)cc1;6.2;101.2;103.4
Methyl-2-methylbutanoate;CCC(C)C(=O)OC;;99.1;110.5
3,3-Dimethylhexane;CCCC(C)(C)CC;;83.4;75.5
methyl α-linolenate;CC\C=C/C/C=C\C\C=C/CCCCCCCC(=O)OC;22.7;;
n-pentanol;CCCCCO;;74;78
1-Methyl-3-n-propylbenzene;CCCc1cccc(C)c1;;100.5495446;111.9223472
propylene glycol monomethyl ether acetate;CC(COC)OC(=O)C;24;;
4-Octene (trans);CCC/C=C/CCC;;74.3;73.3
6-undecanone;CCCCCC(=O)CCCCC;49;;
methyl caproate;CCCCCC(=O)OC;24.6;;
1,2,3,4-Tetramethylbenzene;Cc1ccc(C)c(C)c1C;;100.2787962;105.2717362
2,4-Hexadiene;C/C=C/C=C\C;;80.7;97.1
4-nonanone;CCCCCC(=O)CCC;43;;
n-butylbenzene;CCCCc1ccccc1;12.45;94.45;104.4314922
Allylcyclopentane;C=CCC1CCCC1;;45.6;52.1
diisobutylether;CC(C)COCC(C)C;59.7;;
β-citronellol;CC(CCO)CCC=C(C)C;25.6;;
